name	pool	seq	size	%gc	tm (use 65)
DV2_1_LEFT	1	TGTTAGTCTACGTGGACCGACA	22	50.00	60.99
DV2_1_RIGHT	1	ATGAGGGTACACATGTTCACGC	22	50.00	61.12
DV2_2_LEFT	2	ACGTAACGGAGAACCACACATG	22	50.00	61.04
DV2_2_RIGHT	2	CCTGAAACCCCTTCCACAAAGT	22	50.00	60.87
DV2_3_LEFT	1	ACACATTTCCAAAGAGCCCTGA	22	45.45	60.34
DV2_3_RIGHT	1	TCCTTGCCATGTTTTCCTGTGT	22	45.45	60.87
DV2_4_LEFT	2	GGAAGGAAAAGTTGTGCAACCA	22	45.45	60.01
DV2_4_RIGHT	2	ACAACTTTAAACTTTCCTGTGCACA	25	36.00	60.43
DV2_5_LEFT	1	CACAGGACATCTCAAGTGCAGG	22	54.55	61.37
DV2_5_RIGHT	1	GTCCATGAAACCCCACTGAAGG	22	54.55	61.32
DV2_6_LEFT	2	GGGATTTTGGATCCTTGGGAGG	22	54.55	60.88
DV2_6_RIGHT	2	GAGATCGTTTTCCTGCCTGCAT	22	50.00	61.44
DV2_7_LEFT	1	TGTGGAAACAAATAACACCAGAATTGA	27	33.33	60.64
DV2_7_RIGHT	1	GGTCCAGCGAGATTCTTTGGAA	22	50.00	60.80
DV2_8_LEFT	2	CATTGAAGTTAAAAACTGCCACTGG	25	40.00	59.91
DV2_8_RIGHT	2	AAGGACATGTTCCCTGTGATCA	22	45.45	59.54
DV2_9_LEFT	1	GAATGGCATTGTTCCTGGAGGA	22	50.00	60.81
DV2_9_RIGHT	1	TGAGACCTTTGATCGTCAATGCT	23	43.48	60.56
DV2_10_LEFT	2	ATATTGGCAGTGGTGTCCGTTT	22	45.45	60.74
DV2_10_RIGHT	2	TCTTCACTTCCCACAGGTACCA	22	50.00	60.88
DV2_11_LEFT	1	AGAGGAAGAACAAACACTGACCA	23	43.48	60.06
DV2_11_RIGHT	1	ATTGGAGATCCTGACGTTCCAG	22	50.00	60.01
DV2_12_LEFT	2	AAATCCAAGAGCCGTCCAAACG	22	50.00	61.88
DV2_12_RIGHT	2	GGTCTGTGAAATGGGCTTCGTC	22	54.55	61.94
DV2_13_LEFT	1	TGGACCTAATGTGTCATGCCAC	22	50.00	60.80
DV2_13_RIGHT	1	CCCGCTCTTCACCATCTGTTAG	22	54.55	60.92
DV2_14_LEFT	2	AGAAATGGGTGCCAATTTCAAGG	23	43.48	60.25
DV2_14_RIGHT	2	TCCTTTCCCCTTCTTTTGTCCAG	23	47.83	60.69
DV2_15_LEFT	1	GGCATCAACTACGCAGACAGAA	22	50.00	61.11
DV2_15_RIGHT	1	TCCAGTATTATTGAAGCTGCTATCCA	26	38.46	60.40
DV2_16_LEFT	2	GGAAGATGACCCTGGGAATGTG	22	54.55	60.87
DV2_16_RIGHT	2	GAGCTGCTGTGAGAGTTATGGG	22	54.55	60.92
DV2_17_LEFT	1	GGGAAAGGATGGCCATTGTCAA	22	50.00	61.34
DV2_17_RIGHT	1	TTTCTCTCCAAGCGTCTCTCCT	22	50.00	61.00
DV2_18_LEFT	2	CCGGAGCTGGACTTCTCTTTTC	22	54.55	61.11
DV2_18_RIGHT	2	CTCTGAGTGTTCGTCCTGCTTC	22	54.55	61.10
DV2_19_LEFT	1	TCTTCATCCCGCCAGAAAAGTG	22	50.00	61.06
DV2_19_RIGHT	1	TCATAGCTACCATGGTATGCCC	22	50.00	59.61
DV2_20_LEFT	2	ACCAAACCTAGATATAATTGGGAAAAGAA	29	31.03	59.81
DV2_20_RIGHT	2	TCCCATCATGTTGTACACACATGT	24	41.67	60.83
DV2_21_LEFT	1	GCACGTGAGGCTGTTGAAGATA	22	50.00	61.11
DV2_21_RIGHT	1	CATAGGTGCCAACTTGTCCACT	22	50.00	60.74
DV2_22_LEFT	2	GTGTGCAAAGACCAACACCAAG	22	50.00	60.91
DV2_22_RIGHT	2	GTAAGACTTCCCCAAACAGGCC	22	54.55	61.32
DV2_23_LEFT	1	CGCGTACTCGTTGTTCCATGTA	22	50.00	61.16
DV2_23_RIGHT	1	TGCTTTCTACCACAGAACTCCTG	23	47.83	60.50
DV2_24_LEFT	2	GCAGCAATAAATCAAGTTAGATCCCT	26	38.46	60.18
DV2_24_RIGHT	2	CAGCACCATTCCATTTTCTGGC	22	50.00	60.86
