name	pool	seq	size	%gc	tm (use 65)
DV4_1_LEFT	1	GACCGACAAGGACAGTTCCAAA	22	50.00	60.92
DV4_1_RIGHT	1	ATTTCACCCAAGTCCATGGCAA	22	45.45	60.95
DV4_2_LEFT	2	GGCAAAACATGAAAGGGGGAGA	22	50.00	61.27
DV4_2_RIGHT	2	CATGTTCTAGCACCAGGTCGAC	22	54.55	61.17
DV4_3_LEFT	1	ATCCTACGGAATGCGATGCGTA	22	50.00	62.15
DV4_3_RIGHT	1	GGCAATTTGACTTCCACCGATG	22	50.00	60.59
DV4_4_LEFT	2	CAATGGAGACACCCATGCAGTA	22	50.00	60.54
DV4_4_RIGHT	2	TGACTTTCACCACTGTTGTCCC	22	50.00	60.86
DV4_5_LEFT	1	AGGGAATGTCATACACGATGTGT	23	43.48	60.06
DV4_5_RIGHT	1	GCCATTGAAGTGTTCCTCGAGT	22	50.00	61.05
DV4_6_LEFT	2	CCATGTTTGGAGGAGTCTCATGG	23	52.17	61.19
DV4_6_RIGHT	2	TGCTATTTCTTGCTTCTGGGGT	22	45.45	60.14
DV4_7_LEFT	1	GGTGTTGACCAAAGGCAAGAGA	22	50.00	61.19
DV4_7_RIGHT	1	CGGGGCATTCTCCAAAGTCTAT	22	50.00	60.34
DV4_8_LEFT	2	ATCATATGCGGGCCCTTTTTCA	22	45.45	60.87
DV4_8_RIGHT	2	TGGTGACATCTTGAACACTGCC	22	50.00	61.25
DV4_9_LEFT	1	CTACGAGCCCTCATCATGTTGG	22	54.55	60.98
DV4_9_RIGHT	1	GACTAACCAAACCCACAGCCAT	22	50.00	61.00
DV4_10_LEFT	2	CAAGCTCTGCCAGTGTACCTAA	22	50.00	60.21
DV4_10_RIGHT	2	CTCCAACCTGAGTTTTCCCGAA	22	50.00	60.67
DV4_11_LEFT	1	CTCACCCGCTGCCACTAAAAA	21	52.38	61.25
DV4_11_RIGHT	1	TTCTTTCGAAAAATGTCCTCATCCA	25	36.00	59.62
DV4_12_LEFT	2	ACCAAATCAGGTGATTACGTCAGT	24	41.67	60.59
DV4_12_RIGHT	2	TTCTATTGGGCTGTTGCTCTGG	22	50.00	60.80
DV4_13_LEFT	1	TACATCTCGACCAGGGTGGAAA	22	50.00	61.01
DV4_13_RIGHT	1	CCAGTGGGCATGATCTTCATCA	22	50.00	60.61
DV4_14_LEFT	2	TGCTCAGAGAAGAGGGCGAATA	22	50.00	61.13
DV4_14_RIGHT	2	TGGCCCTAGAGGAAAGGTAAGT	22	50.00	60.41
DV4_15_LEFT	1	ACCCCATGGCTTTGAAGGATTT	22	45.45	60.68
DV4_15_RIGHT	1	ACATCGAGGATGGTGGTTTCTG	22	50.00	60.54
DV4_16_LEFT	2	TGGTCTAATAGCAGCCAACGAG	22	50.00	60.34
DV4_16_RIGHT	2	CCAGCACACAAGACTAGTAGCA	22	50.00	60.21
DV4_17_LEFT	1	GAAAAATCCCACAGTGGACGGG	22	54.55	61.89
DV4_17_RIGHT	1	CCTCTCCCACAGCCAAGATCTA	22	54.55	61.14
DV4_18_LEFT	2	TGCAGTATCAAGAGGGTCCAGT	22	50.00	61.01
DV4_18_RIGHT	2	TGTTGTGTTCACAGAGCTCACA	22	45.45	60.54
DV4_19_LEFT	1	TGCAGAGAAAACATGGTGGGAA	22	45.45	60.61
DV4_19_RIGHT	1	CCAATTGGCTGTCGTGGTCATA	22	50.00	61.12
DV4_20_LEFT	2	CCTTTTGGGCAACAAAGAGTGT	22	45.45	60.01
DV4_20_RIGHT	2	TCAGCATACATTAGGTCTCCATCC	24	45.83	60.04
DV4_21_LEFT	1	TTCATGGAGTGGAGTGGAAGGG	22	54.55	61.88
DV4_21_RIGHT	1	TGTCGTTCAAGAAGAGGAGGGA	22	50.00	60.94
DV4_22_LEFT	2	AGAGTGTGGTGTCGACAGGTTA	22	50.00	61.20
DV4_22_RIGHT	2	ACGAATGGACTGGAGTCTTGTC	22	50.00	60.21
DV4_23_LEFT	1	CAATCCACGCTCATCACCAGTG	22	54.55	62.00
DV4_23_RIGHT	1	AGTCCTTCCACCAGGAGTACAG	22	54.55	61.01
DV4_24_LEFT	2	GAGGATTTGTGGTGTGGATCCC	22	54.55	61.13
DV4_24_RIGHT	2	AACAACACCAATCCATCTTGCG	22	45.45	60.21
