name	pool	seq	size	%gc	tm (use 65)
DV3_1_LEFT	1	TGTTAGTCTACGTGGACCGACA	22	50.00	60.99
DV3_1_RIGHT	1	ATCCATGGCTATGAGTGTGCAC	22	50.00	60.93
DV3_2_LEFT	2	CGCATGATTGTGGGGAAGAATG	22	50.00	60.40
DV3_2_RIGHT	2	TCAACCCACGTAGCTCCTGATA	22	50.00	60.81
DV3_3_LEFT	1	ATTAATGCTGGTCACCCCATCC	22	50.00	60.61
DV3_3_RIGHT	1	CTTCAGTGGTTGATGCCTGAGG	22	54.55	61.38
DV3_4_LEFT	2	ATTACAGTGCACACAGGAGACC	22	50.00	60.47
DV3_4_RIGHT	2	AATGAGTATTGTCCCGTGCTGC	22	50.00	61.44
DV3_5_LEFT	1	CTCAAGGGGATGAGCTATGCAA	22	50.00	60.34
DV3_5_RIGHT	1	TTTTGAATTCAACCCTATCCAAGTCA	26	34.62	59.66
DV3_6_LEFT	2	CAAATATTTGGAAGTGCTTATACAGCC	27	37.04	59.84
DV3_6_RIGHT	2	TTTTGCCTTTCCCCACGTTTTC	22	45.45	60.60
DV3_7_LEFT	1	CACTTGGGGTCTTAGAGCAAGG	22	54.55	60.80
DV3_7_RIGHT	1	TTTTCCTAAGTGCCAGGGTCCT	22	50.00	61.49
DV3_8_LEFT	2	TCCCAAAGAGTCTAGCTGGTCC	22	54.55	61.34
DV3_8_RIGHT	2	TAGGTGACGCCCATTCCCAT	20	55.00	61.00
DV3_9_LEFT	1	GTTTGTGCTCCTTCTCTCAGGG	22	54.55	61.05
DV3_9_RIGHT	1	TTCATTCAGTGGCCAGCTTCTC	22	50.00	61.06
DV3_10_LEFT	2	CCAATGACAGTGGCAGCTATGG	22	54.55	61.76
DV3_10_RIGHT	2	TGCTGTTTGATCCTATAAACCCCT	24	41.67	60.10
DV3_11_LEFT	1	AACCCAAAGATCCGGCGTTTTA	22	45.45	61.00
DV3_11_RIGHT	1	CGGTCCATCTGGTTCTGCATTT	22	50.00	61.38
DV3_12_LEFT	2	AGAGGGAAAGGTAGTGGGACTG	22	54.55	61.01
DV3_12_RIGHT	2	GTTGCTCTGAGGAAAGGCATCA	22	50.00	61.06
DV3_13_LEFT	1	AGCGGCTAGAGGGTACATATCA	22	50.00	60.41
DV3_13_RIGHT	1	CTGGCCCGTGAATATGTACTGG	22	54.55	60.99
DV3_14_LEFT	2	TTGACAGATGGACCAGAGCG	20	55.00	59.77
DV3_14_RIGHT	2	TCAAGGGCGATTGACTTTCTGC	22	50.00	61.63
DV3_15_LEFT	1	TTGAGACCTAGGTGGCTTGATG	22	50.00	59.95
DV3_15_RIGHT	1	TCCAGCAGTCCCATTTCATTGG	22	50.00	61.07
DV3_16_LEFT	2	AGAACCAGAAAAGCAGAGAACCC	23	47.83	61.00
DV3_16_RIGHT	2	TCTAGGTCTATTGTCATTATCCCATCC	27	40.74	60.10
DV3_17_LEFT	1	CATAGGTCCAGGATTGCAAGCA	22	50.00	60.87
DV3_17_RIGHT	1	ACGGCATGATGTGTTGTCTCTC	22	50.00	61.11
DV3_18_LEFT	2	TCCCGGAAAGAGTTTGACCTTT	22	45.45	60.01
DV3_18_RIGHT	2	TCTCACAAGCATTCCTCCATGT	22	45.45	59.88
DV3_19_LEFT	1	CCAGTTTTGCATTAAAGTTTTGAACCC	27	37.04	61.16
DV3_19_RIGHT	1	ACTCTCTGCTGGCCAAATGG	20	55.00	60.34
DV3_20_LEFT	2	TCGTGAAACTCCTCACCAAACC	22	50.00	60.92
DV3_20_RIGHT	2	AAGAGTTTTCACGCGAGAACCA	22	45.45	60.92
DV3_21_LEFT	1	TATGGTACATGTGGTTGGGAGC	22	50.00	60.28
DV3_21_RIGHT	1	CCTCTCCACTCCTTTGGTTTCC	22	54.55	60.74
DV3_22_LEFT	2	AATGGAAGGAGAAGGTGTGCTG	22	50.00	60.74
DV3_22_RIGHT	2	GTCATCCACTGATGGTGAGCAT	22	50.00	60.60
DV3_23_LEFT	1	CTCAGATTAGCATCCAACGCCA	22	50.00	60.92
DV3_23_RIGHT	1	AGCTACAGGCAGCACGGTTT	20	55.00	62.41
DV3_24_LEFT	2	CCCAGAACATACCCACAGCAAT	22	50.00	60.81
DV3_24_RIGHT	2	CAGCACCATTCCATTTTCTGGC	22	50.00	60.86
