name	pool	seq	size	%gc	tm (use 65)
scheme_1_LEFT	1	TGTTAGTCTACGTGGACCGACA	22	50.00	60.99
scheme_1_RIGHT	1	TAAGGGTGCACATGTTGACACC	22	50.00	61.26
scheme_2_LEFT	2	GGAGAGCCGCACATGATAGTTA	22	50.00	60.14
scheme_2_RIGHT	2	ACAGTCCTTCCACGAAGTCTCT	22	50.00	60.94
scheme_3_LEFT	1	AGGGATCATTTTTATTTTGCTGATGCT	27	33.33	60.86
scheme_3_RIGHT	1	GCAGTTGTTCCATGTTCTGTGG	22	50.00	60.47
scheme_4_LEFT	2	GGAAGGAAAGATAGTCCAATATGAAAACT	29	34.48	60.32
scheme_4_RIGHT	2	AACTTGAATGACCCTGTGCACA	22	45.45	60.87
scheme_5_LEFT	1	ACGACAACAATTTTTGCAGGACA	23	39.13	60.37
scheme_5_RIGHT	1	TCCAAGAAACACCGCTGAACAA	22	45.45	61.12
scheme_6_LEFT	2	ACTGCATGGGACTTCGGTTCTA	22	50.00	61.60
scheme_6_RIGHT	2	GTTCCATGGGTTGTGGCCTAAT	22	50.00	61.07
scheme_7_LEFT	1	ACCACATCTTACTTGAAAATGACATGA	27	33.33	60.05
scheme_7_RIGHT	1	TCCTGGTCTGTAGTTGTGCTGA	22	50.00	61.20
scheme_8_LEFT	2	ATCTGGCCAAAATCCCACACTC	22	50.00	61.07
scheme_8_RIGHT	2	GCCTGATCAGATCATTCCATGTCA	24	45.83	61.07
scheme_9_LEFT	1	CGAAGAGGTAATGAGATCCAGATGG	25	48.00	60.95
scheme_9_RIGHT	1	TTTGCATCCAAGAGATCCCAGC	22	50.00	61.13
scheme_10_LEFT	2	ACTGTCAATTGTATCTCTCTTCCCT	25	40.00	59.67
scheme_10_RIGHT	2	TCCCATAGCACTCCTGATCTCT	22	50.00	60.01
scheme_11_LEFT	1	TCTGCTAGCAATCTCAGGGGTA	22	50.00	60.55
scheme_11_RIGHT	1	TGTTGTCACCACTCCATTTCCA	22	45.45	60.28
scheme_12_LEFT	2	GCTCTAGACTTTAAACCCGGCA	22	50.00	60.54
scheme_12_RIGHT	2	TGAGATATACCCTCTGGCTGCT	22	50.00	60.34
scheme_13_LEFT	1	TCCTGTCTCCTGTGAGAGTTCC	22	54.55	61.00
scheme_13_RIGHT	1	ATCGGTCCGGCTAGAATGACA	21	52.38	61.13
scheme_14_LEFT	2	TCCGAAATGGGAGCAAACTTCC	22	50.00	61.32
scheme_14_RIGHT	2	GCGGGGTCGTAGTTTCTTTCTT	22	50.00	61.05
scheme_15_LEFT	1	ACAGAAGGTGGTGCTTTGATGG	22	50.00	61.26
scheme_15_RIGHT	1	GGCTCTGGAATAAGCAACACCA	22	50.00	61.06
scheme_16_LEFT	2	GCCTCAAGTGCACTGTTATGGA	22	50.00	61.06
scheme_16_RIGHT	2	CCGGGTCCAATTATGGCATAATG	23	47.83	60.06
scheme_17_LEFT	1	TAGGAGTTCCACTTCTCGCCTT	22	50.00	61.01
scheme_17_RIGHT	1	GACTTGCTCAATTGGTTTAGCTGT	24	41.67	60.34
scheme_18_LEFT	2	AATCTCTAGGAGGAGGTAGGAGAG	24	50.00	59.73
scheme_18_RIGHT	2	GGTTCCACCATCTTTAGAACACG	23	47.83	59.81
scheme_19_LEFT	1	CCACCTGAGAAATGTGACACCC	22	54.55	61.32
scheme_19_RIGHT	1	CTGATCCTGATGGCTTGACCTC	22	54.55	60.67
scheme_20_LEFT	2	AAAATGAACACAAATCAACATGGCA	25	32.00	59.56
scheme_20_RIGHT	2	TTGCCTTTCCGAACTCTCCTAA	22	45.45	59.55
scheme_21_LEFT	1	GCACAGAGAGAGGGAGCTTCAT	22	54.55	61.98
scheme_21_RIGHT	1	CCTCCATGTTGGTGAAGGTGTT	22	50.00	60.94
scheme_22_LEFT	2	GCGAAAAATGGAACCGTGATGG	22	50.00	61.16
scheme_22_RIGHT	2	GGAAGTACATCAGCTGCCACAT	22	50.00	60.86
scheme_23_LEFT	1	AACTTGTAGGTAGGGCCAGAGT	22	50.00	60.68
scheme_23_RIGHT	1	TCCTTTATTTTGTGAATGAGTTGGCT	26	34.62	60.18
scheme_24_LEFT	2	TGAGAAGGCTCATTGGGAATGA	22	45.45	59.61
scheme_24_RIGHT	2	TGTTGATTCAACAGCACCATTCC	23	43.48	60.25
